{
  "easy": {
    "n_cells": 9,
    "top1_acc_mean": 0.7975000000000001,
    "top1_acc_std": 0.014762659350913398,
    "top1_mean": 0.7975000000000001,
    "top1_std": 0.014762659350913398,
    "top3_mean": 0.9760166666666666,
    "top3_std": 0.0024480150689441572,
    "top5_mean": 0.9980833333333333,
    "top5_std": 0.00019002923751650208,
    "std_coverage_mean": 0.8992000000000001,
    "std_coverage_std": 0.011771269165972622,
    "std_size_mean": 1.3638333333333335,
    "std_size_std": 0.054674110265584865,
    "std_success_rate_mean": 0.8992000000000001,
    "std_success_rate_std": 0.011771269165972622,
    "std_measurement_overhead_mean": 0.15153703703703703,
    "std_measurement_overhead_std": 0.00607490114062054,
    "std_rlf_rate_mean": 0.1008,
    "std_rlf_rate_std": 0.01177126916597262,
    "raps_coverage_mean": 0.9962,
    "raps_coverage_std": 0.0009030811456096366,
    "raps_size_mean": 8.168800000000001,
    "raps_size_std": 0.09465765215296168,
    "aci_coverage_mean": 0.9008333333333333,
    "aci_coverage_std": 0.0009324400487133015,
    "aci_size_mean": 1.4000666666666668,
    "aci_size_std": 0.05846383972641174,
    "baseline_3db_acc_mean": 0.7926666666666666,
    "baseline_3db_acc_std": 0.016105468360501397,
    "baseline_3db_ho_rate_mean": 0.03503333333333333,
    "baseline_3db_ho_rate_std": 0.0024413111231467396,
    "baseline_3db_missed_ho_mean": 0.18080000000000002,
    "baseline_3db_missed_ho_std": 0.014103447175149138,
    "baseline_3db_unnecessary_ho_mean": 0.020933333333333335,
    "baseline_3db_unnecessary_ho_std": 0.001880750441239406,
    "3db_pp_rate_mean": 0.29901184774105133,
    "3db_pp_rate_std": 0.0042240347237966535,
    "3db_ho_rate_mean": 0.13978333333333332,
    "3db_ho_rate_std": 0.010830845868270043,
    "ml_top1_pp_rate_mean": 0.3950030395002097,
    "ml_top1_pp_rate_std": 0.006143997984471842,
    "ml_top1_ho_rate_mean": 0.15618333333333334,
    "ml_top1_ho_rate_std": 0.01097097179935407,
    "cp_adaptive_pp_rate_mean": 0.18768968945154146,
    "cp_adaptive_pp_rate_std": 0.021151701785885466,
    "cp_adaptive_ho_rate_mean": 0.060899999999999996,
    "cp_adaptive_ho_rate_std": 0.008798579430794498,
    "scenario": "Easy"
  },
  "medium": {
    "n_cells": 16,
    "top1_acc_mean": 0.6543833333333333,
    "top1_acc_std": 0.018881840188098447,
    "top1_mean": 0.6543833333333333,
    "top1_std": 0.018881840188098447,
    "top3_mean": 0.9027166666666666,
    "top3_std": 0.00788239952186022,
    "top5_mean": 0.9724833333333333,
    "top5_std": 0.003176913246813276,
    "std_coverage_mean": 0.8941666666666667,
    "std_coverage_std": 0.010474704981260546,
    "std_size_mean": 2.4880999999999998,
    "std_size_std": 0.08723657808256563,
    "std_success_rate_mean": 0.8942166666666667,
    "std_success_rate_std": 0.010495316415747868,
    "std_measurement_overhead_mean": 0.15641041666666666,
    "std_measurement_overhead_std": 0.005663559388575058,
    "std_rlf_rate_mean": 0.10578333333333331,
    "std_rlf_rate_std": 0.010495316415747864,
    "raps_coverage_mean": 0.9844000000000002,
    "raps_coverage_std": 0.0017680811947167893,
    "raps_size_mean": 14.347766666666667,
    "raps_size_std": 0.13723927199521915,
    "aci_coverage_mean": 0.9005000000000001,
    "aci_coverage_std": 0.0005845225972249954,
    "aci_size_mean": 2.5646999999999998,
    "aci_size_std": 0.17420064740280267,
    "baseline_3db_acc_mean": 0.6172666666666666,
    "baseline_3db_acc_std": 0.01710899698339378,
    "baseline_3db_ho_rate_mean": 0.11526666666666667,
    "baseline_3db_ho_rate_std": 0.005962009355540763,
    "baseline_3db_missed_ho_mean": 0.28846666666666665,
    "baseline_3db_missed_ho_std": 0.013288319850321344,
    "baseline_3db_unnecessary_ho_mean": 0.05841666666666667,
    "baseline_3db_unnecessary_ho_std": 0.0025435102603379544,
    "3db_pp_rate_mean": 0.2765380587712182,
    "3db_pp_rate_std": 0.006851117091479061,
    "3db_ho_rate_mean": 0.33691666666666664,
    "3db_ho_rate_std": 0.019217830262545248,
    "ml_top1_pp_rate_mean": 0.3550142609389678,
    "ml_top1_pp_rate_std": 0.011280062351190856,
    "ml_top1_ho_rate_mean": 0.27525000000000005,
    "ml_top1_ho_rate_std": 0.019196860275692087,
    "cp_adaptive_pp_rate_mean": 0.12015130901233859,
    "cp_adaptive_pp_rate_std": 0.007569786712331132,
    "cp_adaptive_ho_rate_mean": 0.044983333333333334,
    "cp_adaptive_ho_rate_std": 0.005493784366597095,
    "scenario": "Medium"
  },
  "hard": {
    "n_cells": 25,
    "top1_acc_mean": 0.5131333333333334,
    "top1_acc_std": 0.014814651156503445,
    "top1_mean": 0.5131333333333334,
    "top1_std": 0.014814651156503445,
    "top3_mean": 0.7862833333333332,
    "top3_std": 0.011076200712438474,
    "top5_mean": 0.8985666666666667,
    "top5_std": 0.006807552994856346,
    "std_coverage_mean": 0.8978166666666667,
    "std_coverage_std": 0.01335450402589993,
    "std_size_mean": 4.751016666666667,
    "std_size_std": 0.19947878890303647,
    "std_success_rate_mean": 0.9221833333333332,
    "std_success_rate_std": 0.015340161523124706,
    "std_measurement_overhead_mean": 0.38517199999999996,
    "std_measurement_overhead_std": 0.0488128427818381,
    "std_rlf_rate_mean": 0.07781666666666667,
    "std_rlf_rate_std": 0.015340161523124701,
    "raps_coverage_mean": 0.9577833333333332,
    "raps_coverage_std": 0.004697990113986082,
    "raps_size_mean": 13.071933333333334,
    "raps_size_std": 1.3790976723930761,
    "aci_coverage_mean": 0.9000166666666667,
    "aci_coverage_std": 0.0004390646624106646,
    "aci_size_mean": 4.85125,
    "aci_size_std": 0.19350300744145787,
    "baseline_3db_acc_mean": 0.44825,
    "baseline_3db_acc_std": 0.01282239793832999,
    "baseline_3db_ho_rate_mean": 0.22548333333333334,
    "baseline_3db_ho_rate_std": 0.004572077086936412,
    "baseline_3db_missed_ho_mean": 0.35633333333333334,
    "baseline_3db_missed_ho_std": 0.009807451815385644,
    "baseline_3db_unnecessary_ho_mean": 0.08850000000000001,
    "baseline_3db_unnecessary_ho_std": 0.0023787251487579087,
    "3db_pp_rate_mean": 0.2101098166054086,
    "3db_pp_rate_std": 0.003117111749979605,
    "3db_ho_rate_mean": 0.5373666666666665,
    "3db_ho_rate_std": 0.009343684735929633,
    "ml_top1_pp_rate_mean": 0.31002806734405375,
    "ml_top1_pp_rate_std": 0.00409704162265779,
    "ml_top1_ho_rate_mean": 0.4078666666666667,
    "ml_top1_ho_rate_std": 0.011849589772552366,
    "cp_adaptive_pp_rate_mean": 0.1255300459054546,
    "cp_adaptive_pp_rate_std": 0.006331858065237915,
    "cp_adaptive_ho_rate_mean": 0.24946666666666667,
    "cp_adaptive_ho_rate_std": 0.02824174412303729,
    "scenario": "Hard"
  }
}