{
  "easy": {
    "n_cells": 9,
    "top1_acc_mean": 0.7979166666666667,
    "top1_acc_std": 0.015288067242133638,
    "cp_coverage_mean": 0.90005,
    "cp_coverage_std": 0.010623689461659631,
    "cp_size_mean": 1.36885,
    "cp_size_std": 0.05598525103394047,
    "ens_top1_acc_mean": 0.7982833333333333,
    "ens_top1_acc_std": 0.015172764341997061,
    "ens_coverage_mean": 0.9000166666666667,
    "ens_coverage_std": 0.01143294459980552,
    "ens_size_mean": 1.3793,
    "ens_size_std": 0.05837069279850788,
    "ens_threshold_mean": 0.764,
    "ens_threshold_std": 0.023323807579381222,
    "latency_calibration_ms_mean": 0.07135365577414632,
    "latency_calibration_ms_std": 0.002188936329575794,
    "latency_calibration_std_ms_mean": 0.021080947265066367,
    "latency_calibration_std_ms_std": 0.0017064140727453012,
    "latency_batch_prediction_ms_mean": 8.169329344294965,
    "latency_batch_prediction_ms_std": 0.13637921933356287,
    "latency_batch_prediction_std_ms_mean": 0.18976726354202683,
    "latency_batch_prediction_std_ms_std": 0.046621934359255664,
    "latency_per_sample_prediction_us_mean": 0.9262891481630504,
    "latency_per_sample_prediction_us_std": 0.017446377892735978,
    "latency_per_sample_prediction_std_us_mean": 0.023125813046146325,
    "latency_per_sample_prediction_std_us_std": 0.005526716994656784,
    "latency_nn_inference_per_sample_us_mean": 0.4533539772965015,
    "latency_nn_inference_per_sample_us_std": 0.017519474605438137,
    "latency_nn_inference_std_us_mean": 0.09584323601810767,
    "latency_nn_inference_std_us_std": 0.012552827325256996,
    "latency_n_cal_samples_mean": 12000.0,
    "latency_n_cal_samples_std": 0.0,
    "latency_n_test_samples_mean": 12000.0,
    "latency_n_test_samples_std": 0.0,
    "scenario": "Easy"
  },
  "medium": {
    "n_cells": 16,
    "top1_acc_mean": 0.6539499999999999,
    "top1_acc_std": 0.018277992231095823,
    "cp_coverage_mean": 0.8928333333333335,
    "cp_coverage_std": 0.01000361045934028,
    "cp_size_mean": 2.474416666666667,
    "cp_size_std": 0.08370130425108875,
    "ens_top1_acc_mean": 0.6560166666666667,
    "ens_top1_acc_std": 0.018312594330435843,
    "ens_coverage_mean": 0.8983000000000001,
    "ens_coverage_std": 0.009455979883415325,
    "ens_size_mean": 2.5731833333333336,
    "ens_size_std": 0.04522217990716006,
    "ens_threshold_mean": 0.858,
    "ens_threshold_std": 0.007483314773547842,
    "latency_calibration_ms_mean": 0.079560493119061,
    "latency_calibration_ms_std": 0.010196642769857009,
    "latency_calibration_std_ms_mean": 0.04064928216014201,
    "latency_calibration_std_ms_std": 0.013186447922763023,
    "latency_batch_prediction_ms_mean": 8.353069318458438,
    "latency_batch_prediction_ms_std": 0.109706654638008,
    "latency_batch_prediction_std_ms_mean": 0.21597146969169184,
    "latency_batch_prediction_std_ms_std": 0.017648855825609374,
    "latency_per_sample_prediction_us_mean": 1.5866228537634015,
    "latency_per_sample_prediction_us_std": 0.020390219561791337,
    "latency_per_sample_prediction_std_us_mean": 0.035913759386143704,
    "latency_per_sample_prediction_std_us_std": 0.003742418953624309,
    "latency_nn_inference_per_sample_us_mean": 0.5029591959901154,
    "latency_nn_inference_per_sample_us_std": 0.03288604088544737,
    "latency_nn_inference_std_us_mean": 0.12108011585865597,
    "latency_nn_inference_std_us_std": 0.022374371056031104,
    "latency_n_cal_samples_mean": 12000.0,
    "latency_n_cal_samples_std": 0.0,
    "latency_n_test_samples_mean": 12000.0,
    "latency_n_test_samples_std": 0.0,
    "scenario": "Medium"
  },
  "hard": {
    "n_cells": 25,
    "top1_acc_mean": 0.5115833333333333,
    "top1_acc_std": 0.014151658717070744,
    "cp_coverage_mean": 0.8982333333333333,
    "cp_coverage_std": 0.013097221927654041,
    "cp_size_mean": 4.798416666666666,
    "cp_size_std": 0.20468874066629922,
    "ens_top1_acc_mean": 0.5143333333333333,
    "ens_top1_acc_std": 0.01492760306724874,
    "ens_coverage_mean": 0.9027000000000001,
    "ens_coverage_std": 0.011292647558871613,
    "ens_size_mean": 5.049016666666667,
    "ens_size_std": 0.1297685375325366,
    "ens_threshold_mean": 0.884,
    "ens_threshold_std": 0.008000000000000007,
    "latency_calibration_ms_mean": 0.08107752772048116,
    "latency_calibration_ms_std": 0.007022392778456116,
    "latency_calibration_std_ms_mean": 0.033506487602729104,
    "latency_calibration_std_ms_std": 0.006652927394247828,
    "latency_batch_prediction_ms_mean": 8.60037085460499,
    "latency_batch_prediction_ms_std": 0.17322141278839412,
    "latency_batch_prediction_std_ms_mean": 0.2340716089872203,
    "latency_batch_prediction_std_ms_std": 0.0456754909519107,
    "latency_per_sample_prediction_us_mean": 2.48639168869704,
    "latency_per_sample_prediction_us_std": 0.014418411286413805,
    "latency_per_sample_prediction_std_us_mean": 0.0581399891165022,
    "latency_per_sample_prediction_std_us_std": 0.014030913085811019,
    "latency_nn_inference_per_sample_us_mean": 0.5824779905378819,
    "latency_nn_inference_per_sample_us_std": 0.049100952602777644,
    "latency_nn_inference_std_us_mean": 0.1588884052969694,
    "latency_nn_inference_std_us_std": 0.025223806570044593,
    "latency_n_cal_samples_mean": 12000.0,
    "latency_n_cal_samples_std": 0.0,
    "latency_n_test_samples_mean": 12000.0,
    "latency_n_test_samples_std": 0.0,
    "scenario": "Hard"
  }
}