{
  "easy": {
    "n_cells": 9,
    "top1_acc_mean": 0.7975000000000001,
    "top1_acc_std": 0.014762659350913398,
    "top1_mean": 0.7975000000000001,
    "top1_std": 0.014762659350913398,
    "top3_mean": 0.9760166666666666,
    "top3_std": 0.0024480150689441572,
    "top5_mean": 0.9980833333333333,
    "top5_std": 0.00019002923751650208,
    "std_coverage_mean": 0.8992000000000001,
    "std_coverage_std": 0.011771269165972622,
    "std_size_mean": 1.3638333333333335,
    "std_size_std": 0.054674110265584865,
    "std_success_rate_mean": 0.8992000000000001,
    "std_success_rate_std": 0.011771269165972622,
    "std_measurement_overhead_mean": 0.15153703703703703,
    "std_measurement_overhead_std": 0.00607490114062054,
    "std_predictive_rate_mean": 1.0,
    "std_predictive_rate_std": 0.0,
    "std_rlf_rate_mean": 0.1008,
    "std_rlf_rate_std": 0.01177126916597262,
    "gcp_coverage_mean": 0.8981166666666667,
    "gcp_coverage_std": 0.011004241606459447,
    "gcp_size_mean": 1.3631833333333332,
    "gcp_size_std": 0.04677773686986856,
    "gcp_success_rate_mean": 0.8981166666666667,
    "gcp_success_rate_std": 0.011004241606459447,
    "gcp_measurement_overhead_mean": 0.15146481481481483,
    "gcp_measurement_overhead_std": 0.005197526318874288,
    "gcp_predictive_rate_mean": 1.0,
    "gcp_predictive_rate_std": 0.0,
    "gcp_rlf_rate_mean": 0.10188333333333333,
    "gcp_rlf_rate_std": 0.011004241606459457,
    "aci_coverage_mean": 0.9008333333333333,
    "aci_coverage_std": 0.0009324400487133015,
    "aci_size_mean": 1.4000666666666668,
    "aci_size_std": 0.05846383972641174,
    "std_cond_Slow_mean": 0.8867333333333335,
    "std_cond_Slow_std": 0.008108705883870223,
    "gcp_cond_Slow_mean": 0.8874666666666666,
    "gcp_cond_Slow_std": 0.014675149062275301,
    "std_cond_Med-Slow_mean": 0.9097333333333333,
    "std_cond_Med-Slow_std": 0.012390677499188202,
    "gcp_cond_Med-Slow_mean": 0.9014,
    "gcp_cond_Med-Slow_std": 0.01988790810741263,
    "std_cond_Med-Fast_mean": 0.9043333333333333,
    "std_cond_Med-Fast_std": 0.029154759474226518,
    "gcp_cond_Med-Fast_mean": 0.9057333333333333,
    "gcp_cond_Med-Fast_std": 0.03110369752939353,
    "std_cond_Fast_mean": 0.8959999999999999,
    "std_cond_Fast_std": 0.017265250907209245,
    "gcp_cond_Fast_mean": 0.8978666666666667,
    "gcp_cond_Fast_std": 0.016938581863767576,
    "scenario": "Easy"
  },
  "medium": {
    "n_cells": 16,
    "top1_acc_mean": 0.6543833333333333,
    "top1_acc_std": 0.018881840188098447,
    "top1_mean": 0.6543833333333333,
    "top1_std": 0.018881840188098447,
    "top3_mean": 0.9027166666666666,
    "top3_std": 0.00788239952186022,
    "top5_mean": 0.9724833333333333,
    "top5_std": 0.003176913246813276,
    "std_coverage_mean": 0.8941666666666667,
    "std_coverage_std": 0.010474704981260546,
    "std_size_mean": 2.4880999999999998,
    "std_size_std": 0.08723657808256563,
    "std_success_rate_mean": 0.8942166666666667,
    "std_success_rate_std": 0.010495316415747868,
    "std_measurement_overhead_mean": 0.15641041666666666,
    "std_measurement_overhead_std": 0.005663559388575058,
    "std_predictive_rate_mean": 0.99855,
    "std_predictive_rate_std": 0.0005953523699830693,
    "std_rlf_rate_mean": 0.10578333333333331,
    "std_rlf_rate_std": 0.010495316415747864,
    "gcp_coverage_mean": 0.8927999999999999,
    "gcp_coverage_std": 0.009533799522400988,
    "gcp_size_mean": 2.4874666666666667,
    "gcp_size_std": 0.08452576201634893,
    "gcp_success_rate_mean": 0.8929,
    "gcp_success_rate_std": 0.009532896260377061,
    "gcp_measurement_overhead_mean": 0.15683020833333333,
    "gcp_measurement_overhead_std": 0.005496207459782811,
    "gcp_predictive_rate_mean": 0.9978,
    "gcp_predictive_rate_std": 0.0005666666666666813,
    "gcp_rlf_rate_mean": 0.1071,
    "gcp_rlf_rate_std": 0.00953289626037707,
    "aci_coverage_mean": 0.9005000000000001,
    "aci_coverage_std": 0.0005845225972249954,
    "aci_size_mean": 2.5646999999999998,
    "aci_size_std": 0.17420064740280267,
    "std_cond_Slow_mean": 0.8966,
    "std_cond_Slow_std": 0.019527075220489798,
    "gcp_cond_Slow_mean": 0.8859999999999999,
    "gcp_cond_Slow_std": 0.03196942984234229,
    "std_cond_Med-Slow_mean": 0.8944000000000001,
    "std_cond_Med-Slow_std": 0.016732403692635837,
    "gcp_cond_Med-Slow_mean": 0.8882666666666668,
    "gcp_cond_Med-Slow_std": 0.02269253425933542,
    "std_cond_Med-Fast_mean": 0.8918000000000001,
    "std_cond_Med-Fast_std": 0.008476372389701196,
    "gcp_cond_Med-Fast_mean": 0.8924,
    "gcp_cond_Med-Fast_std": 0.008556738734925691,
    "std_cond_Fast_mean": 0.8938666666666666,
    "std_cond_Fast_std": 0.018090636006263303,
    "gcp_cond_Fast_mean": 0.9045333333333334,
    "gcp_cond_Fast_std": 0.013085360777092356,
    "scenario": "Medium"
  },
  "hard": {
    "n_cells": 25,
    "top1_acc_mean": 0.5131333333333334,
    "top1_acc_std": 0.014814651156503445,
    "top1_mean": 0.5131333333333334,
    "top1_std": 0.014814651156503445,
    "top3_mean": 0.7862833333333332,
    "top3_std": 0.011076200712438474,
    "top5_mean": 0.8985666666666667,
    "top5_std": 0.006807552994856346,
    "std_coverage_mean": 0.8978166666666667,
    "std_coverage_std": 0.01335450402589993,
    "std_size_mean": 4.751016666666667,
    "std_size_std": 0.19947878890303647,
    "std_success_rate_mean": 0.9221833333333332,
    "std_success_rate_std": 0.015340161523124706,
    "std_measurement_overhead_mean": 0.38517199999999996,
    "std_measurement_overhead_std": 0.0488128427818381,
    "std_predictive_rate_mean": 0.7358833333333333,
    "std_predictive_rate_std": 0.05606238093013494,
    "std_rlf_rate_mean": 0.07781666666666667,
    "std_rlf_rate_std": 0.015340161523124701,
    "gcp_coverage_mean": 0.8981,
    "gcp_coverage_std": 0.013445300707351655,
    "gcp_size_mean": 4.758766666666666,
    "gcp_size_std": 0.19447609393216217,
    "gcp_success_rate_mean": 0.9229166666666666,
    "gcp_success_rate_std": 0.015264064552623791,
    "gcp_measurement_overhead_mean": 0.38735200000000003,
    "gcp_measurement_overhead_std": 0.04712666381855039,
    "gcp_predictive_rate_mean": 0.7332166666666666,
    "gcp_predictive_rate_std": 0.054028737209418906,
    "gcp_rlf_rate_mean": 0.07708333333333334,
    "gcp_rlf_rate_std": 0.015264064552623807,
    "aci_coverage_mean": 0.9000166666666667,
    "aci_coverage_std": 0.0004390646624106646,
    "aci_size_mean": 4.85125,
    "aci_size_std": 0.19350300744145787,
    "std_cond_Slow_mean": 0.8949999999999999,
    "std_cond_Slow_std": 0.01474976459322505,
    "gcp_cond_Slow_mean": 0.8907333333333334,
    "gcp_cond_Slow_std": 0.018425103648133014,
    "std_cond_Med-Slow_mean": 0.9030000000000001,
    "std_cond_Med-Slow_std": 0.01358921140709301,
    "gcp_cond_Med-Slow_mean": 0.9061333333333333,
    "gcp_cond_Med-Slow_std": 0.015360266201396962,
    "std_cond_Med-Fast_mean": 0.9012,
    "std_cond_Med-Fast_std": 0.018318903412110177,
    "gcp_cond_Med-Fast_mean": 0.9044000000000001,
    "gcp_cond_Med-Fast_std": 0.01590443683728255,
    "std_cond_Fast_mean": 0.8920666666666668,
    "std_cond_Fast_std": 0.01601721296328144,
    "gcp_cond_Fast_mean": 0.8911333333333333,
    "gcp_cond_Fast_std": 0.014666060593538175,
    "scenario": "Hard"
  }
}