{
  "easy": {
    "n_cells": 9,
    "top1_acc_mean": 0.7975000000000001,
    "top1_acc_std": 0.014762659350913398,
    "top1_mean": 0.7975000000000001,
    "top1_std": 0.014762659350913398,
    "top3_mean": 0.9760166666666666,
    "top3_std": 0.0024480150689441572,
    "top5_mean": 0.9980833333333333,
    "top5_std": 0.00019002923751650208,
    "std_coverage_mean": 0.8992000000000001,
    "std_coverage_std": 0.011771269165972622,
    "std_size_mean": 1.3638333333333335,
    "std_size_std": 0.054674110265584865,
    "std_success_rate_mean": 0.8992000000000001,
    "std_success_rate_std": 0.011771269165972622,
    "std_measurement_overhead_mean": 0.15153703703703703,
    "std_measurement_overhead_std": 0.00607490114062054,
    "std_rlf_rate_mean": 0.1008,
    "std_rlf_rate_std": 0.01177126916597262,
    "raps_coverage_mean": 0.9962,
    "raps_coverage_std": 0.0009030811456096366,
    "raps_size_mean": 8.168800000000001,
    "raps_size_std": 0.09465765215296168,
    "raps_success_rate_mean": 0.9962,
    "raps_success_rate_std": 0.0009030811456096366,
    "raps_measurement_overhead_mean": 0.9076444444444445,
    "raps_measurement_overhead_std": 0.01051751690588463,
    "raps_rlf_rate_mean": 0.0038,
    "raps_rlf_rate_std": 0.0009030811456096044,
    "aci_coverage_mean": 0.9008333333333333,
    "aci_coverage_std": 0.0009324400487133015,
    "aci_size_mean": 1.4000666666666668,
    "aci_size_std": 0.05846383972641174,
    "scenario": "Easy"
  },
  "medium": {
    "n_cells": 16,
    "top1_acc_mean": 0.6543833333333333,
    "top1_acc_std": 0.018881840188098447,
    "top1_mean": 0.6543833333333333,
    "top1_std": 0.018881840188098447,
    "top3_mean": 0.9027166666666666,
    "top3_std": 0.00788239952186022,
    "top5_mean": 0.9724833333333333,
    "top5_std": 0.003176913246813276,
    "std_coverage_mean": 0.8941666666666667,
    "std_coverage_std": 0.010474704981260546,
    "std_size_mean": 2.4880999999999998,
    "std_size_std": 0.08723657808256563,
    "std_success_rate_mean": 0.8942166666666667,
    "std_success_rate_std": 0.010495316415747868,
    "std_measurement_overhead_mean": 0.15641041666666666,
    "std_measurement_overhead_std": 0.005663559388575058,
    "std_rlf_rate_mean": 0.10578333333333331,
    "std_rlf_rate_std": 0.010495316415747864,
    "raps_coverage_mean": 0.9844000000000002,
    "raps_coverage_std": 0.0017680811947167893,
    "raps_size_mean": 14.347766666666667,
    "raps_size_std": 0.13723927199521915,
    "raps_success_rate_mean": 0.9844000000000002,
    "raps_success_rate_std": 0.0017680811947167893,
    "raps_measurement_overhead_mean": 0.8967354166666667,
    "raps_measurement_overhead_std": 0.008577454499701197,
    "raps_rlf_rate_mean": 0.0156,
    "raps_rlf_rate_std": 0.0017680811947167786,
    "aci_coverage_mean": 0.9005000000000001,
    "aci_coverage_std": 0.0005845225972249954,
    "aci_size_mean": 2.5646999999999998,
    "aci_size_std": 0.17420064740280267,
    "scenario": "Medium"
  },
  "hard": {
    "n_cells": 25,
    "top1_acc_mean": 0.5131333333333334,
    "top1_acc_std": 0.014814651156503445,
    "top1_mean": 0.5131333333333334,
    "top1_std": 0.014814651156503445,
    "top3_mean": 0.7862833333333332,
    "top3_std": 0.011076200712438474,
    "top5_mean": 0.8985666666666667,
    "top5_std": 0.006807552994856346,
    "std_coverage_mean": 0.8978166666666667,
    "std_coverage_std": 0.01335450402589993,
    "std_size_mean": 4.751016666666667,
    "std_size_std": 0.19947878890303647,
    "std_success_rate_mean": 0.9221833333333332,
    "std_success_rate_std": 0.015340161523124706,
    "std_measurement_overhead_mean": 0.38517199999999996,
    "std_measurement_overhead_std": 0.0488128427818381,
    "std_rlf_rate_mean": 0.07781666666666667,
    "std_rlf_rate_std": 0.015340161523124701,
    "raps_coverage_mean": 0.9577833333333332,
    "raps_coverage_std": 0.004697990113986082,
    "raps_size_mean": 13.071933333333334,
    "raps_size_std": 1.3790976723930761,
    "raps_success_rate_mean": 0.9653666666666666,
    "raps_success_rate_std": 0.0029176664952968163,
    "raps_measurement_overhead_mean": 0.8823700000000001,
    "raps_measurement_overhead_std": 0.01277286516191431,
    "raps_rlf_rate_mean": 0.034633333333333335,
    "raps_rlf_rate_std": 0.002917666495296846,
    "aci_coverage_mean": 0.9000166666666667,
    "aci_coverage_std": 0.0004390646624106646,
    "aci_size_mean": 4.85125,
    "aci_size_std": 0.19350300744145787,
    "scenario": "Hard"
  }
}