{
  "easy": {
    "scenario": "Easy",
    "n_cells": 9,
    "top1_acc": 0.8120625,
    "top1": 0.8120625,
    "top2": 0.9456875,
    "top3": 0.979,
    "top5": 0.9985625,
    "standard_cp": {
      "coverage": 0.9203125,
      "avg_set_size": 1.39125,
      "set_size_std": 0.5906974161954663,
      "size_1_frac": 0.655625
    },
    "group_cp": {
      "coverage": 0.919875,
      "avg_set_size": 1.3914375,
      "set_size_std": 0.594738752389442,
      "size_1_frac": 0.657375
    },
    "aci": {
      "coverage": 0.900375,
      "avg_set_size": 1.3250625
    },
    "conditional": {
      "standard": {
        "Slow": {
          "coverage": 0.92575,
          "size": 1.42125
        },
        "Med-Slow": {
          "coverage": 0.93425,
          "size": 1.373
        },
        "Med-Fast": {
          "coverage": 0.91625,
          "size": 1.342
        },
        "Fast": {
          "coverage": 0.905,
          "size": 1.42875
        }
      },
      "group_cp": {
        "Slow": {
          "coverage": 0.93025,
          "size": 1.45075
        },
        "Med-Slow": {
          "coverage": 0.9165,
          "size": 1.27775
        },
        "Med-Fast": {
          "coverage": 0.92575,
          "size": 1.39225
        },
        "Fast": {
          "coverage": 0.907,
          "size": 1.445
        }
      }
    }
  },
  "medium": {
    "scenario": "Medium",
    "n_cells": 16,
    "top1_acc": 0.661125,
    "top1": 0.661125,
    "top2": 0.833625,
    "top3": 0.9091875,
    "top5": 0.9753125,
    "standard_cp": {
      "coverage": 0.9013125,
      "avg_set_size": 2.4801875,
      "set_size_std": 0.9822079539709246,
      "size_1_frac": 0.153875
    },
    "group_cp": {
      "coverage": 0.9001875,
      "avg_set_size": 2.47675,
      "set_size_std": 0.9914431085543941,
      "size_1_frac": 0.1589375
    },
    "aci": {
      "coverage": 0.9006875,
      "avg_set_size": 2.444125
    },
    "conditional": {
      "standard": {
        "Slow": {
          "coverage": 0.9025,
          "size": 2.4585
        },
        "Med-Slow": {
          "coverage": 0.89225,
          "size": 2.4865
        },
        "Med-Fast": {
          "coverage": 0.9055,
          "size": 2.46075
        },
        "Fast": {
          "coverage": 0.905,
          "size": 2.515
        }
      },
      "group_cp": {
        "Slow": {
          "coverage": 0.90125,
          "size": 2.44475
        },
        "Med-Slow": {
          "coverage": 0.8725,
          "size": 2.24975
        },
        "Med-Fast": {
          "coverage": 0.908,
          "size": 2.49525
        },
        "Fast": {
          "coverage": 0.919,
          "size": 2.71725
        }
      }
    }
  },
  "hard": {
    "scenario": "Hard",
    "n_cells": 25,
    "top1_acc": 0.5105625,
    "top1": 0.5105625,
    "top2": 0.6894375,
    "top3": 0.7848125,
    "top5": 0.896375,
    "standard_cp": {
      "coverage": 0.8895,
      "avg_set_size": 4.6515625,
      "set_size_std": 1.3056239154495255,
      "size_1_frac": 0.0008125
    },
    "group_cp": {
      "coverage": 0.8898125,
      "avg_set_size": 4.6666875,
      "set_size_std": 1.3123319996646239,
      "size_1_frac": 0.0006875
    },
    "aci": {
      "coverage": 0.89975,
      "avg_set_size": 4.97375
    },
    "conditional": {
      "standard": {
        "Slow": {
          "coverage": 0.8985,
          "size": 4.66675
        },
        "Med-Slow": {
          "coverage": 0.88775,
          "size": 4.57225
        },
        "Med-Fast": {
          "coverage": 0.88875,
          "size": 4.6365
        },
        "Fast": {
          "coverage": 0.883,
          "size": 4.73075
        }
      },
      "group_cp": {
        "Slow": {
          "coverage": 0.89575,
          "size": 4.5985
        },
        "Med-Slow": {
          "coverage": 0.8945,
          "size": 4.7495
        },
        "Med-Fast": {
          "coverage": 0.88675,
          "size": 4.60725
        },
        "Fast": {
          "coverage": 0.88225,
          "size": 4.7115
        }
      }
    }
  }
}