{
  "easy": {
    "scenario": "Easy",
    "n_cells": 9,
    "top1_acc": 0.8134375,
    "top1": 0.8134375,
    "top2": 0.9451875,
    "top3": 0.9790625,
    "top5": 0.9984375,
    "standard_cp": {
      "coverage": 0.922375,
      "avg_set_size": 1.4143125,
      "set_size_std": 0.6108663129881611,
      "size_1_frac": 0.6414375
    },
    "group_cp": {
      "coverage": 0.9205,
      "avg_set_size": 1.409625,
      "set_size_std": 0.609985540299932,
      "size_1_frac": 0.6454375
    },
    "aci": {
      "coverage": 0.9004375,
      "avg_set_size": 1.3279375
    },
    "conditional": {
      "standard": {
        "Slow": {
          "coverage": 0.92775,
          "size": 1.452
        },
        "Med-Slow": {
          "coverage": 0.93575,
          "size": 1.38775
        },
        "Med-Fast": {
          "coverage": 0.92175,
          "size": 1.366
        },
        "Fast": {
          "coverage": 0.90425,
          "size": 1.4515
        }
      },
      "group_cp": {
        "Slow": {
          "coverage": 0.9295,
          "size": 1.469
        },
        "Med-Slow": {
          "coverage": 0.914,
          "size": 1.28325
        },
        "Med-Fast": {
          "coverage": 0.93125,
          "size": 1.42275
        },
        "Fast": {
          "coverage": 0.90725,
          "size": 1.4635
        }
      }
    }
  },
  "medium": {
    "scenario": "Medium",
    "n_cells": 16,
    "top1_acc": 0.6605625,
    "top1": 0.6605625,
    "top2": 0.8343125,
    "top3": 0.909,
    "top5": 0.9754375,
    "standard_cp": {
      "coverage": 0.8989375,
      "avg_set_size": 2.4710625,
      "set_size_std": 0.9691040300678508,
      "size_1_frac": 0.1483125
    },
    "group_cp": {
      "coverage": 0.89825,
      "avg_set_size": 2.48275,
      "set_size_std": 0.9784949859350328,
      "size_1_frac": 0.1491875
    },
    "aci": {
      "coverage": 0.9006875,
      "avg_set_size": 2.4331875
    },
    "conditional": {
      "standard": {
        "Slow": {
          "coverage": 0.89525,
          "size": 2.46125
        },
        "Med-Slow": {
          "coverage": 0.8905,
          "size": 2.46325
        },
        "Med-Fast": {
          "coverage": 0.90625,
          "size": 2.4345
        },
        "Fast": {
          "coverage": 0.90375,
          "size": 2.52525
        }
      },
      "group_cp": {
        "Slow": {
          "coverage": 0.89975,
          "size": 2.541
        },
        "Med-Slow": {
          "coverage": 0.86875,
          "size": 2.22175
        },
        "Med-Fast": {
          "coverage": 0.91025,
          "size": 2.49925
        },
        "Fast": {
          "coverage": 0.91425,
          "size": 2.669
        }
      }
    }
  },
  "hard": {
    "scenario": "Hard",
    "n_cells": 25,
    "top1_acc": 0.5110625,
    "top1": 0.5110625,
    "top2": 0.6898125,
    "top3": 0.785625,
    "top5": 0.8960625,
    "standard_cp": {
      "coverage": 0.892625,
      "avg_set_size": 4.66975,
      "set_size_std": 1.2703089929225881,
      "size_1_frac": 0.000625
    },
    "group_cp": {
      "coverage": 0.8920625,
      "avg_set_size": 4.6570625,
      "set_size_std": 1.273560509396295,
      "size_1_frac": 0.00075
    },
    "aci": {
      "coverage": 0.89975,
      "avg_set_size": 4.8668125
    },
    "conditional": {
      "standard": {
        "Slow": {
          "coverage": 0.89925,
          "size": 4.70925
        },
        "Med-Slow": {
          "coverage": 0.88925,
          "size": 4.6015
        },
        "Med-Fast": {
          "coverage": 0.8945,
          "size": 4.6535
        },
        "Fast": {
          "coverage": 0.8875,
          "size": 4.71475
        }
      },
      "group_cp": {
        "Slow": {
          "coverage": 0.893,
          "size": 4.56225
        },
        "Med-Slow": {
          "coverage": 0.898,
          "size": 4.8195
        },
        "Med-Fast": {
          "coverage": 0.89075,
          "size": 4.58275
        },
        "Fast": {
          "coverage": 0.8865,
          "size": 4.66375
        }
      }
    }
  }
}