{
  "easy": {
    "scenario": "Easy (9 cells, low noise)",
    "n_cells": 9,
    "top1_acc": 0.814,
    "top1_coverage": 0.814,
    "top2_coverage": 0.9343,
    "top3_coverage": 0.9727,
    "top5_coverage": 0.9972,
    "cp": {
      "alpha_0.05": {
        "coverage": 0.9484,
        "avg_set_size": 1.6163,
        "set_size_std": 0.809984141820073,
        "size_1_frac": 0.5507
      },
      "alpha_0.1": {
        "coverage": 0.8942,
        "avg_set_size": 1.2914,
        "set_size_std": 0.5189277791754842,
        "size_1_frac": 0.736
      },
      "alpha_0.15": {
        "coverage": 0.8461,
        "avg_set_size": 1.0928,
        "set_size_std": 0.29015196018638234,
        "size_1_frac": 0.9072
      },
      "alpha_0.2": {
        "coverage": 0.8162,
        "avg_set_size": 1.0042,
        "set_size_std": 0.06467116822819888,
        "size_1_frac": 0.9958
      }
    },
    "aci": {
      "coverage": 0.8994,
      "avg_set_size": 1.3324
    },
    "conditional": {
      "slow": {
        "coverage": 0.8792,
        "avg_size": 1.35,
        "count": 2500
      },
      "medium_slow": {
        "coverage": 0.9312,
        "avg_size": 1.2064,
        "count": 2500
      },
      "medium_fast": {
        "coverage": 0.8808,
        "avg_size": 1.3176,
        "count": 2500
      },
      "fast": {
        "coverage": 0.8856,
        "avg_size": 1.2916,
        "count": 2500
      }
    }
  },
  "medium": {
    "scenario": "Medium (16 cells, moderate noise)",
    "n_cells": 16,
    "top1_acc": 0.6813,
    "top1_coverage": 0.6813,
    "top2_coverage": 0.836,
    "top3_coverage": 0.9071,
    "top5_coverage": 0.9736,
    "cp": {
      "alpha_0.05": {
        "coverage": 0.9481,
        "avg_set_size": 3.4098,
        "set_size_std": 1.193090088803021,
        "size_1_frac": 0.0489
      },
      "alpha_0.1": {
        "coverage": 0.8969,
        "avg_set_size": 2.3996,
        "set_size_std": 0.9880889838471028,
        "size_1_frac": 0.1824
      },
      "alpha_0.15": {
        "coverage": 0.8475,
        "avg_set_size": 1.8414,
        "set_size_std": 0.8124321756306799,
        "size_1_frac": 0.3746
      },
      "alpha_0.2": {
        "coverage": 0.798,
        "avg_set_size": 1.4908,
        "set_size_std": 0.6212208624957793,
        "size_1_frac": 0.5711
      }
    },
    "aci": {
      "coverage": 0.899,
      "avg_set_size": 2.4049
    },
    "conditional": {
      "slow": {
        "coverage": 0.9228,
        "avg_size": 2.226,
        "count": 2500
      },
      "medium_slow": {
        "coverage": 0.9,
        "avg_size": 2.4088,
        "count": 2500
      },
      "medium_fast": {
        "coverage": 0.886,
        "avg_size": 2.504,
        "count": 2500
      },
      "fast": {
        "coverage": 0.8788,
        "avg_size": 2.4596,
        "count": 2500
      }
    }
  },
  "hard": {
    "scenario": "Hard (25 cells, high noise)",
    "n_cells": 25,
    "top1_acc": 0.4829,
    "top1_coverage": 0.4829,
    "top2_coverage": 0.6681,
    "top3_coverage": 0.7713,
    "top5_coverage": 0.8833,
    "cp": {
      "alpha_0.05": {
        "coverage": 0.9442,
        "avg_set_size": 7.0447,
        "set_size_std": 2.192145503838648,
        "size_1_frac": 0.0
      },
      "alpha_0.1": {
        "coverage": 0.8925,
        "avg_set_size": 4.951,
        "set_size_std": 1.4280752781278723,
        "size_1_frac": 0.0007
      },
      "alpha_0.15": {
        "coverage": 0.843,
        "avg_set_size": 3.8794,
        "set_size_std": 1.1179694271311715,
        "size_1_frac": 0.0055
      },
      "alpha_0.2": {
        "coverage": 0.7928,
        "avg_set_size": 3.0989,
        "set_size_std": 0.9816917999046341,
        "size_1_frac": 0.0303
      }
    },
    "aci": {
      "coverage": 0.8998,
      "avg_set_size": 5.2483
    },
    "conditional": {
      "slow": {
        "coverage": 0.8924,
        "avg_size": 4.8876,
        "count": 2500
      },
      "medium_slow": {
        "coverage": 0.8792,
        "avg_size": 5.0544,
        "count": 2500
      },
      "medium_fast": {
        "coverage": 0.8848,
        "avg_size": 4.9892,
        "count": 2500
      },
      "fast": {
        "coverage": 0.9136,
        "avg_size": 4.8728,
        "count": 2500
      }
    }
  }
}